{"CurrentObstacleData":[{"Position":{"x":-0.11100205779075623,"y":3.937419891357422,"z":1.1468712091445923},"Scale":{"x":3.937419891357422,"y":3.937419891357422,"z":3.937419891357422},"Rotation":{"x":0.0,"y":0.0,"z":0.0,"w":1.0},"ObjectType":"Cylinder"},{"Position":{"x":6.842660903930664,"y":2.505457639694214,"z":2.859484910964966},"Scale":{"x":3.6985883712768556,"y":5.010915279388428,"z":5.010915279388428},"Rotation":{"x":0.0,"y":0.9998262524604797,"z":0.0,"w":0.018641313537955285},"ObjectType":"Cube"},{"Position":{"x":-4.9810099601745609,"y":2.7864954471588136,"z":2.0093424320220949},"Scale":{"x":2.8140013217926027,"y":5.572990894317627,"z":5.572990894317627},"Rotation":{"x":0.0,"y":0.98881596326828,"z":0.0,"w":0.1491410732269287},"ObjectType":"Cube"}]}