{"CurrentObstacleData":[{"Position":{"x":-0.958101749420166,"y":2.4022810459136965,"z":2.136871337890625},"Scale":{"x":4.804562091827393,"y":4.804562091827393,"z":3.0862371921539308},"Rotation":{"x":0.0,"y":0.9999675154685974,"z":0.0,"w":-0.008063730783760548},"ObjectType":0},{"Position":{"x":5.126465797424316,"y":1.8474637269973755,"z":1.4276280403137208},"Scale":{"x":2.7492849826812746,"y":3.694927453994751,"z":3.694927453994751},"Rotation":{"x":0.0,"y":0.9958229660987854,"z":0.0,"w":-0.09130556136369705},"ObjectType":0},{"Position":{"x":-7.593167304992676,"y":5.825357913970947,"z":2.346453905105591},"Scale":{"x":5.825357913970947,"y":5.825357913970947,"z":5.825357913970947},"Rotation":{"x":0.0,"y":0.0,"z":0.0,"w":1.0},"ObjectType":1}]}